,Hazardous
0,1
1,0
2,1
3,0
4,1
5,0
6,0
7,0
8,0
9,1
10,0
11,0
12,0
13,0
14,0
15,0
16,0
17,0
18,0
19,0
20,0
21,0
22,1
23,0
24,0
25,1
26,0
27,1
28,0
29,0
30,0
31,0
32,0
33,0
34,0
35,1
36,0
37,0
38,1
39,0
40,0
41,0
42,0
43,0
44,0
45,0
46,0
47,1
48,0
49,0
50,1
51,0
52,1
53,1
54,1
55,0
56,0
57,0
58,0
59,0
60,0
61,1
62,0
63,0
64,0
65,0
66,0
67,0
68,1
69,0
70,0
71,1
72,0
73,0
74,0
75,0
76,0
77,1
78,1
79,0
80,0
81,0
82,1
83,1
84,0
85,1
86,0
87,0
88,0
89,1
90,0
91,0
92,0
93,1
94,0
95,1
96,0
97,1
98,0
99,0
100,1
101,0
102,0
103,0
104,0
105,0
106,0
107,0
108,0
109,0
110,0
111,0
112,0
113,1
114,0
115,0
116,1
117,0
118,0
119,0
120,0
121,0
122,1
123,0
124,0
125,0
126,0
127,0
128,1
129,0
130,0
131,0
132,0
133,0
134,0
135,0
136,1
137,0
138,0
139,0
140,1
141,0
142,0
143,1
144,0
145,0
146,1
147,1
148,0
149,0
150,1
151,0
152,0
153,0
154,0
155,0
156,0
157,1
158,0
159,1
160,1
161,0
162,0
163,0
164,0
165,0
166,0
167,0
168,0
169,0
170,0
171,0
172,1
173,1
174,0
175,0
176,0
177,1
178,1
179,0
180,0
181,0
182,0
183,0
184,0
185,0
186,0
187,0
188,1
189,0
190,0
191,0
192,0
193,0
194,0
195,1
196,0
197,0
198,1
199,0
200,1
201,0
202,0
203,0
204,1
205,0
206,1
207,0
208,0
209,0
210,0
211,0
212,1
213,0
214,0
215,1
216,0
217,0
218,0
219,0
220,0
221,0
222,0
223,0
224,0
225,0
226,1
227,0
228,0
229,0
230,0
231,0
232,0
233,0
234,0
235,1
236,0
237,1
238,0
239,0
240,0
241,0
242,0
243,1
244,0
245,0
246,0
247,0
248,0
249,0
250,0
251,0
252,0
253,0
254,0
255,0
256,0
257,0
258,0
259,0
260,0
261,0
262,0
263,0
264,1
265,1
266,0
267,0
268,0
269,0
270,0
271,1
272,1
273,0
274,0
275,0
276,1
277,1
278,1
279,0
280,0
281,0
282,0
283,0
284,0
285,1
286,1
287,0
288,1
289,0
290,0
291,0
292,0
293,0
294,1
295,0
296,0
297,0
298,0
299,1
300,0
301,1
302,0
303,0
304,0
305,0
306,0
307,0
308,0
309,0
310,0
311,0
312,0
313,1
314,1
315,1
316,0
317,0
318,0
319,0
320,0
321,0
322,0
323,0
324,0
325,0
326,0
327,0
328,0
329,0
330,1
331,0
332,1
333,0
334,0
335,1
336,0
337,0
338,0
339,0
340,0
341,0
342,0
343,1
344,0
345,0
346,0
347,0
348,0
349,0
350,0
351,0
352,0
353,0
354,0
355,1
356,0
357,0
358,0
359,1
360,0
361,0
362,0
363,0
364,1
365,1
366,0
367,0
368,0
369,0
370,0
371,0
372,0
373,0
374,1
375,0
376,0
377,0
378,1
379,0
380,0
381,0
382,1
383,1
384,1
385,0
386,0
387,0
388,0
389,1
390,0
391,0
392,0
393,1
394,1
395,0
396,0
397,1
398,1
399,0
400,0
401,1
402,0
403,0
404,0
405,0
406,0
407,0
408,0
409,0
410,0
411,0
412,0
413,0
414,0
415,0
416,0
417,0
418,0
419,0
420,0
421,0
422,1
423,0
424,0
425,0
426,0
427,0
428,0
429,0
430,0
431,0
432,0
433,0
434,1
435,0
436,0
437,0
438,0
439,0
440,1
441,1
442,0
443,0
444,0
445,0
446,1
447,0
448,0
449,0
450,0
451,0
452,0
453,0
454,0
455,1
456,1
457,1
458,0
459,0
460,0
461,0
462,1
463,1
464,0
465,0
466,0
467,1
468,0
469,0
470,0
471,0
472,0
473,0
474,0
475,0
476,0
477,0
478,0
479,0
480,0
481,0
482,0
483,0
484,0
485,1
486,1
487,0
488,0
489,0
490,0
491,1
492,0
493,0
494,0
495,0
496,1
497,0
498,0
499,0
500,0
501,1
502,0
503,0
504,0
505,0
506,0
507,0
508,0
509,0
510,1
511,0
512,0
513,1
514,0
515,0
516,0
517,0
518,0
519,0
520,0
521,0
522,0
523,0
524,0
525,0
526,0
527,0
528,0
529,1
530,0
531,0
532,1
533,0
534,0
535,0
536,0
537,0
538,1
539,0
540,0
541,0
542,1
543,0
544,1
545,0
546,0
547,0
548,0
549,0
550,0
551,1
552,0
553,1
554,0
555,1
556,0
557,1
558,0
559,0
560,0
561,1
562,1
563,1
564,0
565,0
566,1
567,0
568,0
569,0
570,0
571,0
572,1
573,0
574,0
575,1
576,1
577,0
578,0
579,0
580,0
581,0
582,0
583,0
584,0
585,0
586,1
587,0
588,0
589,0
590,0
591,1
592,0
593,0
594,0
595,1
596,0
597,0
598,0
599,0
600,0
601,0
602,0
603,0
604,1
605,0
606,1
607,0
608,0
609,0
610,0
611,1
612,0
613,0
614,0
615,0
616,1
617,1
618,1
619,0
620,1
621,0
622,0
623,0
624,1
625,0
626,0
627,0
628,0
629,0
630,0
631,1
632,0
633,0
634,1
635,0
636,0
637,1
638,0
639,0
640,0
641,1
642,0
643,0
644,0
645,0
646,0
647,1
648,0
649,1
650,0
651,0
652,0
653,0
654,0
655,0
656,0
657,0
658,1
659,0
660,0
661,0
662,0
663,0
664,0
665,0
666,0
667,1
668,1
669,0
670,0
671,0
672,0
673,0
674,0
675,1
676,0
677,0
678,1
679,1
680,1
681,1
682,0
683,0
684,0
685,1
686,1
687,1
688,0
689,0
690,0
691,0
692,0
693,0
694,1
695,1
696,0
697,0
698,0
699,0
700,0
701,1
702,0
703,0
704,0
705,0
706,1
707,0
708,0
709,0
710,1
711,0
712,0
713,0
714,1
715,0
716,0
717,1
718,1
719,0
720,0
721,0
722,0
723,0
724,0
725,0
726,0
727,0
728,0
729,0
730,0
731,0
732,0
733,0
734,0
735,0
736,0
737,0
738,0
739,1
740,0
741,1
742,0
743,1
744,1
745,0
746,0
747,0
748,0
749,0
750,1
751,0
752,1
753,0
754,1
755,0
756,0
757,0
758,0
759,0
760,0
761,1
762,0
763,0
764,0
765,0
766,0
767,0
768,0
769,0
770,1
771,1
772,0
773,1
774,0
775,0
776,0
777,0
778,0
779,0
780,0
781,0
782,0
783,0
784,0
785,0
786,0
787,0
788,0
789,0
790,0
791,0
792,0
793,0
794,1
795,1
796,0
797,0
798,1
799,0
800,0
801,0
802,0
803,0
804,0
805,1
806,0
807,0
808,1
809,0
810,0
811,0
812,0
813,0
814,0
815,0
816,0
817,0
818,0
819,0
820,0
821,0
822,0
823,0
824,0
825,0
826,0
827,0
828,0
829,1
830,0
831,0
832,0
833,0
834,0
835,0
836,0
837,1
838,0
839,0
840,0
841,0
842,0
843,0
844,1
845,0
846,0
847,0
848,0
849,0
850,0
851,0
852,1
853,0
854,1
855,0
856,0
857,0
858,0
859,0
860,0
861,0
862,0
863,0
864,0
865,0
866,0
867,1
868,0
869,0
870,0
871,0
872,0
873,1
874,0
875,0
876,0
877,0
878,0
879,0
880,0
881,0
882,0
883,0
884,0
885,1
886,0
887,1
888,0
889,0
890,0
891,0
892,0
893,1
894,0
895,0
896,0
897,0
898,0
899,1
900,0
901,1
902,0
903,0
904,0
905,1
906,0
907,1
908,0
909,0
910,0
911,0
912,0
913,0
914,0
915,1
916,0
917,0
918,1
919,0
920,0
921,0
922,0
923,0
924,0
925,0
926,0
927,0
928,0
929,0
930,0
931,0
932,0
933,1
934,0
935,0
936,0
937,0
938,0
939,0
940,0
941,1
942,0
943,0
944,0
945,0
946,0
947,0
948,0
949,0
950,0
951,0
952,1
953,0
954,0
955,0
956,0
957,0
958,1
959,1
960,0
961,0
962,0
963,1
964,0
965,1
966,1
967,0
968,1
969,0
970,1
971,0
972,1
973,0
974,0
975,0
976,0
977,0
978,1
979,0
980,0
981,0
982,0
983,0
984,0
985,0
986,0
987,0
988,0
989,0
990,0
991,0
992,0
993,1
994,1
995,0
996,0
997,0
998,0
999,1
1000,0
1001,0
1002,0
1003,0
1004,0
1005,0
1006,0
1007,0
1008,0
1009,0
1010,0
1011,0
1012,1
1013,1
1014,1
1015,1
1016,0
1017,0
1018,0
1019,0
1020,0
1021,1
1022,1
1023,1
1024,0
1025,0
1026,0
1027,0
1028,0
1029,0
1030,0
1031,0
1032,0
1033,0
1034,0
1035,0
1036,0
1037,1
1038,0
1039,0
1040,0
1041,0
1042,0
1043,0
1044,0
1045,1
1046,0
1047,0
1048,0
1049,0
1050,0
1051,0
1052,0
1053,0
1054,0
1055,0
1056,0
1057,0
1058,0
1059,1
1060,0
1061,1
1062,1
1063,0
1064,0
1065,0
1066,0
1067,0
1068,0
1069,0
1070,0
1071,1
1072,1
1073,0
1074,0
1075,0
1076,0
1077,0
1078,0
1079,1
1080,0
1081,1
1082,1
1083,0
1084,0
1085,0
1086,0
1087,0
1088,0
1089,0
1090,0
1091,0
1092,0
1093,0
1094,1
1095,0
1096,0
1097,1
1098,0
1099,0
1100,0
1101,0
1102,0
1103,0
1104,0
1105,0
1106,0
1107,0
1108,0
1109,0
1110,0
1111,0
1112,0
1113,0
1114,0
1115,0
1116,0
1117,1
1118,0
1119,0
1120,0
1121,0
1122,0
1123,0
1124,0
1125,0
1126,0
1127,0
1128,1
1129,0
1130,0
1131,0
1132,0
1133,0
1134,0
1135,0
1136,0
1137,0
1138,1
1139,1
1140,0
1141,0
1142,0
1143,0
1144,1
1145,1
1146,0
1147,0
1148,0
1149,1
1150,0
1151,0
1152,0
1153,0
1154,0
1155,0
1156,1
1157,0
1158,0
1159,0
1160,1
1161,0
1162,0
1163,0
1164,0
1165,0
1166,0
1167,0
1168,0
1169,0
1170,0
1171,0
1172,0
1173,0
1174,0
1175,0
1176,0
1177,0
1178,0
1179,0
1180,0
1181,0
1182,0
1183,0
1184,0
1185,0
1186,0
1187,0
1188,0
1189,0
1190,0
1191,0
1192,1
1193,0
1194,0
1195,1
1196,1
1197,0
1198,0
1199,0
1200,0
1201,0
1202,1
1203,0
1204,0
1205,1
1206,0
1207,1
1208,0
1209,0
1210,0
1211,0
1212,0
1213,0
1214,0
1215,0
1216,0
1217,0
1218,0
1219,0
1220,0
1221,0
1222,0
1223,1
1224,0
1225,0
1226,0
1227,0
1228,0
1229,0
1230,0
1231,0
1232,0
1233,0
1234,1
1235,1
1236,1
1237,1
1238,0
1239,0
1240,0
1241,0
1242,0
1243,0
1244,0
1245,0
1246,0
1247,0
1248,0
1249,0
1250,1
1251,1
1252,1
1253,0
1254,0
1255,0
1256,1
1257,0
1258,0
1259,0
1260,0
1261,0
1262,0
1263,0
1264,1
1265,0
1266,0
1267,0
1268,0
1269,1
1270,1
1271,0
1272,0
1273,0
1274,0
1275,0
1276,0
1277,1
1278,0
1279,0
1280,0
1281,0
1282,0
1283,0
1284,0
1285,0
1286,0
1287,0
1288,1
1289,0
1290,0
1291,0
1292,0
1293,0
1294,1
1295,1
1296,0
1297,1
1298,0
1299,1
1300,1
1301,0
1302,0
1303,1
1304,1
1305,0
1306,0
1307,1
1308,0
1309,0
1310,0
1311,0
1312,0
1313,0
1314,1
1315,0
1316,0
1317,0
1318,1
1319,1
1320,0
1321,0
1322,0
1323,0
1324,0
1325,0
1326,0
1327,0
1328,0
1329,0
1330,0
1331,0
1332,0
1333,0
1334,0
1335,0
1336,0
1337,1
1338,1
1339,1
1340,0
1341,0
1342,0
1343,0
1344,0
1345,0
1346,0
1347,0
1348,0
1349,0
1350,0
1351,0
1352,0
1353,0
1354,0
1355,0
1356,0
1357,0
1358,0
1359,1
1360,0
1361,0
1362,0
1363,0
1364,1
1365,0
1366,0
1367,0
1368,1
1369,1
1370,1
1371,0
1372,0
1373,0
1374,0
1375,0
1376,0
1377,0
1378,0
1379,0
1380,0
1381,0
1382,0
1383,0
1384,0
1385,0
1386,1
1387,0
1388,0
1389,0
1390,1
1391,1
1392,0
1393,0
1394,0
1395,0
1396,0
1397,0
1398,0
1399,0
1400,0
1401,0
1402,0
1403,0
1404,0
1405,1
1406,0
1407,0
1408,0
1409,1
1410,0
1411,0
1412,0
1413,0
1414,0
1415,0
1416,0
1417,0
1418,0
1419,0
1420,0
1421,0
1422,1
1423,0
1424,0
1425,1
1426,0
1427,0
1428,0
1429,1
1430,0
1431,0
1432,0
1433,0
1434,0
1435,0
1436,0
1437,0
1438,1
1439,0
1440,0
1441,0
1442,0
1443,0
1444,0
1445,0
1446,0
1447,0
1448,0
1449,0
1450,0
1451,0
1452,0
1453,0
1454,0
1455,0
1456,1
1457,0
1458,0
1459,0
1460,0
1461,0
1462,0
1463,0
1464,0
1465,0
1466,0
1467,0
1468,0
1469,1
1470,1
1471,0
1472,0
1473,0
1474,0
1475,0
1476,1
1477,0
1478,0
1479,0
1480,1
1481,1
1482,0
1483,1
1484,0
1485,0
1486,0
1487,1
1488,0
1489,0
1490,0
1491,0
1492,1
1493,1
1494,0
1495,0
1496,0
1497,0
1498,0
1499,0
1500,0
1501,1
1502,0
1503,0
1504,0
1505,0
1506,1
1507,0
1508,0
1509,1
1510,0
1511,1
1512,0
1513,0
1514,0
1515,0
1516,0
1517,0
1518,0
1519,1
1520,1
1521,0
1522,0
1523,0
1524,0
1525,1
1526,0
1527,1
1528,0
1529,1
1530,0
1531,0
1532,0
1533,0
1534,1
1535,0
1536,0
1537,0
1538,0
1539,0
1540,0
1541,0
1542,0
1543,0
1544,0
1545,0
1546,0
1547,0
1548,0
1549,0
1550,0
1551,0
1552,0
1553,1
1554,0
1555,0
1556,0
1557,0
1558,0
1559,0
1560,0
1561,0
1562,0
1563,0
1564,0
1565,0
1566,0
1567,0
1568,1
1569,1
1570,0
1571,0
1572,0
1573,1
1574,0
1575,0
1576,0
1577,0
1578,1
1579,0
1580,0
1581,0
1582,0
1583,0
1584,0
1585,0
1586,0
1587,0
1588,0
1589,1
1590,0
1591,0
1592,0
1593,0
1594,0
1595,0
1596,1
1597,1
1598,0
1599,0
1600,0
1601,1
1602,0
1603,0
1604,0
1605,0
1606,0
1607,0
1608,0
1609,0
1610,1
1611,0
1612,0
1613,1
1614,0
1615,0
1616,0
1617,0
1618,0
1619,1
1620,0
1621,0
1622,0
1623,0
1624,0
1625,0
1626,0
1627,0
1628,0
1629,0
1630,0
1631,0
1632,0
1633,0
1634,1
1635,0
1636,0
1637,0
1638,0
1639,0
1640,0
1641,0
1642,0
1643,1
1644,0
1645,0
1646,0
1647,0
1648,0
1649,1
1650,0
1651,0
1652,0
1653,0
1654,1
1655,0
1656,0
1657,0
1658,0
1659,0
1660,0
1661,0
1662,0
1663,0
1664,1
1665,0
1666,0
1667,0
1668,0
1669,0
1670,0
1671,0
1672,0
1673,0
1674,1
1675,0
1676,0
1677,0
1678,0
1679,0
1680,1
1681,1
1682,0
1683,1
1684,1
1685,0
1686,0
1687,0
1688,0
1689,0
1690,0
1691,1
1692,1
1693,0
1694,0
1695,1
1696,0
1697,0
1698,0
1699,0
1700,0
1701,0
1702,0
1703,0
1704,0
1705,1
1706,1
1707,1
1708,0
1709,0
1710,0
1711,0
1712,0
1713,0
1714,0
1715,0
1716,0
1717,1
1718,0
1719,0
1720,0
1721,0
1722,0
1723,0
1724,0
1725,0
1726,0
1727,1
1728,0
1729,0
1730,0
1731,0
1732,0
1733,0
1734,0
1735,0
1736,1
1737,0
1738,0
1739,0
1740,0
1741,0
1742,0
1743,0
1744,0
1745,0
1746,1
1747,0
1748,1
1749,0
1750,0
1751,0
1752,0
1753,0
1754,0
1755,0
1756,0
1757,1
1758,1
1759,0
1760,0
1761,0
1762,0
1763,0
1764,0
1765,0
1766,0
1767,0
1768,1
1769,1
1770,0
1771,0
1772,1
1773,1
1774,0
1775,1
1776,0
1777,1
1778,0
1779,0
1780,0
1781,0
1782,0
1783,0
1784,0
1785,0
1786,0
1787,1
1788,1
1789,0
1790,0
1791,1
1792,0
1793,0
1794,0
1795,1
1796,0
1797,0
1798,0
1799,0
1800,0
1801,0
1802,0
1803,0
1804,0
1805,0
1806,0
1807,0
1808,0
1809,0
1810,0
1811,0
1812,0
1813,0
1814,0
1815,0
1816,0
1817,0
1818,0
1819,0
1820,0
1821,0
1822,0
1823,0
1824,0
1825,0
1826,0
1827,0
1828,0
1829,0
1830,0
1831,0
1832,0
1833,0
1834,0
1835,0
1836,0
1837,1
1838,0
1839,0
1840,0
1841,0
1842,1
1843,0
1844,0
1845,0
1846,0
1847,0
1848,1
1849,0
1850,0
1851,1
1852,0
1853,0
1854,0
1855,0
1856,0
1857,1
1858,0
1859,1
1860,0
1861,0
1862,0
1863,0
1864,0
1865,0
1866,0
1867,0
1868,0
1869,0
1870,0
1871,1
1872,1
1873,1
1874,0
1875,0
1876,0
1877,0
1878,0
1879,0
1880,0
1881,0
1882,0
1883,0
1884,0
1885,0
1886,0
1887,0
1888,0
1889,0
1890,0
1891,0
1892,0
1893,0
1894,1
1895,0
1896,0
1897,0
1898,0
1899,0
1900,0
1901,0
1902,0
1903,0
1904,0
1905,0
1906,0
1907,0
1908,0
1909,0
1910,0
1911,1
1912,0
1913,0
1914,0
1915,0
1916,0
1917,0
1918,0
1919,0
1920,0
1921,1
1922,1
1923,0
1924,1
1925,0
1926,0
1927,0
1928,1
1929,0
1930,0
1931,0
1932,0
1933,0
1934,1
1935,0
1936,0
1937,1
1938,0
1939,1
1940,1
1941,0
1942,0
1943,0
1944,0
1945,0
1946,0
1947,0
1948,1
1949,0
1950,0
1951,0
1952,0
1953,1
1954,1
1955,0
1956,0
1957,0
1958,0
1959,0
1960,0
1961,1
1962,0
1963,1
1964,0
1965,0
1966,1
1967,1
1968,0
1969,1
1970,1
1971,1
1972,0
1973,0
1974,0
1975,0
1976,0
1977,1
1978,0
1979,0
1980,0
1981,1
1982,1
1983,0
1984,1
1985,0
1986,0
1987,0
1988,0
1989,1
1990,0
1991,0
1992,0
1993,0
1994,0
1995,0
1996,0
1997,0
1998,0
1999,0
2000,1
2001,0
2002,0
2003,1
2004,0
2005,0
2006,0
2007,0
2008,0
2009,0
2010,0
2011,0
2012,0
2013,0
2014,0
2015,0
2016,0
2017,0
2018,1
2019,0
2020,0
2021,0
2022,0
2023,0
2024,0
2025,0
2026,0
2027,1
2028,0
2029,0
2030,0
2031,0
2032,0
2033,0
2034,0
2035,0
2036,0
2037,0
2038,0
2039,0
2040,0
2041,0
2042,1
2043,0
2044,0
2045,0
2046,0
2047,1
2048,0
2049,0
2050,0
2051,0
2052,0
2053,0
2054,0
2055,0
2056,0
2057,0
2058,0
2059,0
2060,0
2061,1
2062,0
2063,0
2064,0
2065,0
2066,0
2067,0
2068,0
2069,1
2070,1
2071,0
2072,1
2073,0
2074,0
2075,0
2076,0
2077,0
2078,0
2079,1
2080,0
2081,1
2082,0
2083,0
2084,0
2085,0
2086,1
2087,0
2088,0
2089,0
2090,1
2091,0
2092,0
2093,0
2094,1
2095,1
2096,0
2097,0
2098,0
2099,0
2100,0
2101,0
2102,0
2103,0
2104,0
2105,1
2106,0
2107,0
2108,1
2109,0
2110,0
2111,1
2112,0
2113,0
2114,1
2115,0
2116,0
2117,0
2118,0
2119,1
2120,1
2121,0
2122,0
2123,0
2124,0
2125,0
2126,0
2127,0
2128,0
2129,0
2130,0
2131,0
2132,0
2133,0
2134,0
2135,0
2136,0
2137,1
2138,0
2139,1
2140,0
2141,1
2142,1
2143,0
2144,0
2145,0
2146,0
2147,1
2148,1
2149,0
2150,0
2151,0
2152,0
2153,1
2154,0
2155,0
2156,0
2157,0
2158,0
2159,0
2160,0
2161,1
2162,0
2163,1
2164,0
2165,0
2166,0
2167,0
2168,1
2169,0
2170,0
2171,0
2172,0
2173,0
2174,0
2175,0
2176,1
2177,1
2178,1
2179,0
2180,0
2181,0
2182,1
2183,1
2184,0
2185,0
2186,0
2187,0
2188,0
2189,0
2190,0
2191,0
2192,0
2193,0
2194,0
2195,0
2196,0
2197,0
2198,0
2199,0
2200,0
2201,0
2202,0
2203,0
2204,0
2205,0
2206,0
2207,0
2208,0
2209,0
2210,0
2211,0
2212,0
2213,0
2214,0
2215,1
2216,0
2217,0
2218,0
2219,0
2220,1
2221,0
2222,0
2223,0
2224,0
2225,0
2226,0
2227,0
2228,0
2229,0
2230,0
2231,0
2232,0
2233,0
2234,0
2235,0
2236,0
2237,0
2238,0
2239,1
2240,0
2241,0
2242,0
2243,0
2244,0
2245,0
2246,0
2247,0
2248,0
2249,0
2250,0
2251,1
2252,1
2253,1
2254,0
2255,0
2256,0
2257,0
2258,0
2259,1
2260,0
2261,0
2262,0
2263,0
2264,0
2265,0
2266,0
2267,0
2268,1
2269,0
2270,0
2271,0
2272,0
2273,0
2274,0
2275,0
2276,0
2277,0
2278,0
2279,0
2280,0
2281,1
2282,0
2283,0
2284,0
2285,0
2286,0
2287,0
2288,0
2289,0
2290,0
2291,0
2292,0
2293,0
2294,0
2295,0
2296,0
2297,0
2298,1
2299,0
2300,0
2301,0
2302,1
2303,0
2304,0
2305,0
2306,1
2307,0
2308,0
2309,1
2310,0
2311,0
2312,0
2313,0
2314,0
2315,1
2316,0
2317,0
2318,0
2319,0
2320,0
2321,0
2322,0
2323,0
2324,0
2325,1
2326,0
2327,0
2328,1
2329,0
2330,0
2331,0
2332,0
2333,0
2334,0
2335,1
2336,0
2337,0
2338,0
2339,0
2340,0
2341,0
2342,0
2343,1
2344,0
2345,0
2346,0
2347,0
2348,0
2349,1
2350,0
2351,0
2352,0
2353,0
2354,0
2355,0
2356,1
2357,0
2358,0
2359,0
2360,0
2361,0
2362,0
2363,0
2364,0
2365,0
2366,0
2367,0
2368,0
2369,0
2370,0
2371,0
2372,0
2373,0
2374,1
2375,1
2376,0
2377,0
2378,0
2379,0
2380,0
2381,0
2382,0
2383,1
2384,1
2385,1
2386,0
2387,0
2388,0
2389,0
2390,0
2391,0
2392,0
2393,0
2394,0
2395,0
2396,0
2397,0
2398,0
2399,0
2400,1
2401,0
2402,0
2403,1
2404,0
2405,1
2406,0
2407,0
2408,0
2409,0
2410,0
2411,0
2412,0
2413,0
2414,0
2415,0
2416,0
2417,1
2418,0
2419,0
2420,0
2421,0
2422,0
2423,0
2424,1
2425,1
2426,0
2427,0
2428,0
2429,1
2430,1
2431,0
2432,0
2433,0
2434,0
2435,1
2436,0
2437,0
2438,1
2439,0
2440,0
2441,0
2442,0
2443,0
2444,0
2445,0
2446,0
2447,0
2448,1
2449,0
2450,0
2451,0
2452,1
2453,0
2454,0
2455,1
2456,1
2457,0
2458,0
2459,0
2460,0
2461,0
2462,0
2463,0
2464,0
2465,1
2466,1
2467,0
2468,0
2469,0
2470,0
2471,0
2472,0
2473,0
2474,0
2475,0
2476,0
2477,0
2478,0
2479,0
2480,0
2481,0
2482,0
2483,0
2484,0
2485,0
2486,0
2487,0
2488,0
2489,0
2490,0
2491,0
2492,0
2493,0
2494,0
2495,1
2496,0
2497,0
2498,0
2499,0
2500,0
2501,0
2502,0
2503,0
2504,0
2505,0
2506,0
2507,0
2508,0
2509,0
2510,0
2511,0
2512,0
2513,0
2514,0
2515,0
2516,1
2517,0
2518,0
2519,0
2520,0
2521,1
2522,1
2523,1
2524,0
2525,0
2526,0
2527,0
2528,0
2529,0
2530,0
2531,0
2532,0
2533,0
2534,0
2535,0
2536,1
2537,0
2538,0
2539,0
2540,0
2541,0
2542,0
2543,0
2544,0
2545,1
2546,0
2547,0
2548,0
2549,0
2550,1
2551,0
2552,0
2553,0
2554,0
2555,0
2556,0
2557,0
2558,0
2559,1
2560,0
2561,0
2562,0
2563,0
2564,0
2565,0
2566,0
2567,0
2568,0
2569,0
2570,0
2571,0
2572,0
2573,0
2574,1
2575,0
2576,0
2577,0
2578,1
2579,0
2580,0
2581,0
2582,0
2583,0
2584,0
2585,0
2586,0
2587,0
2588,0
2589,0
2590,0
2591,0
2592,0
2593,0
2594,0
2595,0
2596,0
2597,0
2598,0
2599,0
2600,0
2601,0
2602,0
2603,0
2604,0
2605,0
2606,0
2607,1
2608,0
2609,1
2610,0
2611,0
2612,0
2613,0
2614,0
2615,0
2616,0
2617,0
2618,0
2619,0
2620,0
2621,0
2622,1
2623,0
2624,0
2625,0
2626,1
2627,0
2628,0
2629,0
2630,0
2631,0
2632,0
2633,0
2634,0
2635,0
2636,0
2637,0
2638,0
2639,1
2640,1
2641,0
2642,0
2643,0
2644,0
2645,1
2646,1
2647,0
2648,0
2649,0
2650,1
2651,0
2652,0
2653,0
2654,0
2655,0
2656,0
2657,0
2658,0
2659,0
2660,0
2661,1
2662,0
2663,0
2664,0
2665,1
2666,1
2667,0
2668,0
2669,1
2670,0
2671,1
2672,0
2673,0
2674,0
2675,1
2676,0
2677,0
2678,0
2679,0
2680,0
2681,0
2682,0
2683,0
2684,0
2685,0
2686,0
2687,0
2688,0
2689,0
2690,0
2691,0
2692,0
2693,1
2694,0
2695,0
2696,0
2697,0
2698,0
2699,0
2700,0
2701,0
2702,1
2703,0
2704,0
2705,0
2706,0
2707,0
2708,1
2709,1
2710,0
2711,0
2712,1
2713,0
2714,1
2715,0
2716,0
2717,0
2718,0
2719,0
2720,0
2721,0
2722,0
2723,0
2724,0
2725,0
2726,0
2727,0
2728,0
2729,0
2730,0
2731,0
2732,0
2733,1
2734,0
2735,0
2736,0
2737,0
2738,1
2739,0
2740,0
2741,0
2742,0
2743,0
2744,0
2745,0
2746,0
2747,1
2748,1
2749,0
2750,0
2751,0
2752,0
2753,0
2754,1
2755,0
2756,0
2757,0
2758,0
2759,0
2760,0
2761,0
2762,1
2763,0
2764,1
2765,0
2766,0
2767,1
2768,0
2769,0
2770,1
2771,1
2772,1
2773,0
2774,0
2775,0
2776,0
2777,0
2778,0
2779,0
2780,0
2781,0
2782,0
2783,0
2784,1
2785,0
2786,0
2787,0
2788,1
2789,0
2790,0
2791,0
2792,1
2793,0
2794,0
2795,0
2796,0
2797,0
2798,0
2799,0
2800,0
2801,0
2802,0
2803,0
2804,1
2805,0
2806,0
2807,0
2808,0
2809,0
2810,0
2811,0
2812,0
2813,1
2814,0
2815,1
2816,0
2817,0
2818,0
2819,0
2820,0
2821,0
2822,0
2823,0
2824,0
2825,0
2826,0
2827,0
2828,0
2829,0
2830,0
2831,0
2832,0
2833,1
2834,1
2835,0
2836,0
2837,0
2838,0
2839,0
2840,0
2841,0
2842,0
2843,0
2844,0
2845,0
2846,0
2847,0
2848,0
2849,0
2850,0
2851,0
2852,1
2853,0
2854,0
2855,0
2856,0
2857,0
2858,0
2859,1
2860,0
2861,0
2862,0
2863,0
2864,1
2865,0
2866,0
2867,0
2868,0
2869,0
2870,0
2871,0
2872,0
2873,0
2874,0
2875,0
2876,1
2877,0
2878,0
2879,0
2880,0
2881,0
2882,0
2883,0
2884,0
2885,0
2886,0
2887,0
2888,1
2889,1
2890,0
2891,0
2892,0
2893,0
2894,0
2895,0
2896,1
2897,1
2898,0
2899,0
2900,0
2901,0
2902,0
2903,0
2904,1
2905,0
2906,0
2907,1
2908,0
2909,0
2910,0
2911,0
2912,0
2913,0
2914,0
2915,0
2916,0
2917,0
2918,0
2919,0
2920,0
2921,0
2922,0
2923,0
2924,0
2925,0
2926,0
2927,0
2928,0
2929,0
2930,0
2931,1
2932,1
2933,0
2934,1
2935,0
2936,0
2937,1
2938,0
2939,0
2940,0
2941,0
2942,0
2943,0
2944,0
2945,0
2946,1
2947,0
2948,0
2949,0
2950,0
2951,0
2952,0
2953,1
2954,1
2955,0
2956,0
2957,0
2958,0
2959,0
2960,0
2961,0
2962,0
2963,0
2964,0
2965,0
2966,0
2967,0
2968,1
2969,0
2970,1
2971,0
2972,1
2973,0
2974,0
2975,0
2976,0
2977,0
2978,0
2979,0
2980,0
2981,1
2982,0
2983,0
2984,0
2985,0
2986,0
2987,0
2988,1
2989,0
2990,0
2991,0
2992,0
2993,0
2994,0
2995,0
2996,1
2997,1
2998,0
2999,0
3000,0
3001,0
3002,0
3003,0
3004,0
3005,0
3006,0
3007,0
3008,0
3009,0
3010,0
3011,0
3012,0
3013,0
3014,0
3015,0
3016,1
3017,0
3018,0
3019,0
3020,1
3021,0
3022,1
3023,0
3024,0
3025,0
3026,0
3027,0
3028,0
3029,1
3030,0
3031,0
3032,0
3033,1
3034,0
3035,0
3036,1
3037,1
3038,0
3039,0
3040,0
3041,0
3042,0
3043,0
3044,0
3045,0
3046,0
3047,0
3048,0
3049,0
3050,0
3051,0
3052,1
3053,0
3054,0
3055,0
3056,0
3057,1
3058,0
3059,0
3060,0
3061,0
3062,0
3063,0
3064,0
3065,0
3066,0
3067,0
3068,0
3069,0
3070,0
3071,0
3072,0
3073,0
3074,0
3075,0
3076,0
3077,0
3078,1
3079,0
3080,0
3081,0
3082,0
3083,0
3084,0
3085,0
3086,0
3087,0
3088,0
3089,0
3090,0
3091,0
3092,0
3093,1
3094,0
3095,0
3096,0
3097,0
3098,1
3099,0
3100,0
3101,0
3102,0
3103,0
3104,0
3105,0
3106,0
3107,0
3108,0
3109,0
3110,0
3111,0
3112,1
3113,0
3114,0
3115,0
3116,0
3117,1
3118,0
3119,0
3120,0
3121,0
3122,0
3123,0
3124,0
3125,0
3126,0
3127,0
3128,0
3129,0
3130,0
3131,0
3132,0
3133,0
3134,0
3135,1
3136,0
3137,0
3138,0
3139,0
3140,0
3141,0
3142,0
3143,0
3144,0
3145,1
3146,0
3147,0
3148,0
3149,0
3150,0
3151,0
3152,0
3153,0
3154,0
3155,0
3156,0
3157,0
3158,0
3159,1
3160,1
3161,0
3162,0
3163,0
3164,0
3165,0
3166,1
3167,0
3168,1
3169,0
3170,0
3171,0
3172,0
3173,0
3174,0
3175,1
3176,0
3177,0
3178,0
3179,0
3180,0
3181,0
3182,0
3183,0
3184,0
3185,0
3186,0
3187,1
3188,1
3189,1
3190,0
3191,0
3192,1
3193,1
3194,0
3195,1
3196,0
3197,0
3198,0
3199,0
3200,0
3201,0
3202,0
3203,0
3204,0
3205,1
3206,0
3207,0
3208,0
3209,0
3210,1
3211,0
3212,0
3213,0
3214,0
3215,0
3216,0
3217,0
3218,0
3219,0
3220,0
3221,0
3222,0
3223,0
3224,0
3225,0
3226,0
3227,0
3228,0
3229,0
3230,0
3231,1
3232,0
3233,0
3234,0
3235,1
3236,1
3237,0
3238,0
3239,0
3240,0
3241,0
3242,0
3243,1
3244,0
3245,0
3246,0
3247,0
3248,1
3249,0
3250,0
3251,0
3252,0
3253,0
3254,0
3255,0
3256,0
3257,0
3258,0
3259,0
3260,0
3261,0
3262,0
3263,0
3264,0
3265,0
3266,0
3267,0
3268,0
3269,1
3270,0
3271,0
3272,0
3273,1
3274,0
3275,0
3276,0
3277,0
3278,0
3279,1
3280,0
3281,0
3282,0
3283,0
3284,0
3285,0
3286,0
3287,0
3288,0
3289,0
3290,0
3291,0
3292,0
3293,0
3294,0
3295,0
3296,0
3297,0
3298,1
3299,0
3300,0
3301,0
3302,0
3303,0
3304,0
3305,0
3306,0
3307,1
3308,0
3309,0
3310,0
3311,0
3312,0
3313,0
3314,0
3315,0
3316,0
3317,0
3318,0
3319,0
3320,0
3321,0
3322,0
3323,0
3324,0
3325,0
3326,0
3327,0
3328,0
3329,0
3330,1
3331,0
3332,0
3333,0
3334,0
3335,0
3336,0
3337,0
3338,1
3339,0
3340,0
3341,0
3342,0
3343,0
3344,0
3345,0
3346,0
3347,0
3348,0
3349,0
3350,0
3351,0
3352,0
3353,0
3354,0
3355,0
3356,0
3357,0
3358,0
3359,0
3360,0
3361,0
3362,0
3363,0
3364,0
3365,0
3366,0
3367,0
3368,1
3369,0
3370,0
3371,0
3372,0
3373,0
3374,0
3375,0
3376,0
3377,0
3378,0
3379,0
3380,0
3381,0
3382,0
3383,0
3384,1
3385,0
3386,0
3387,1
3388,0
3389,0
3390,0
3391,1
3392,0
3393,0
3394,0
3395,1
3396,0
3397,1
3398,1
3399,0
3400,0
3401,0
3402,1
3403,1
3404,1
3405,0
3406,0
3407,0
3408,0
3409,0
3410,0
3411,0
3412,0
3413,1
3414,0
3415,0
3416,1
3417,0
3418,0
3419,0
3420,0
3421,0
3422,0
3423,0
3424,0
3425,0
3426,0
3427,0
3428,0
3429,1
3430,0
3431,0
3432,0
3433,0
3434,0
3435,0
3436,0
3437,0
3438,1
3439,0
3440,0
3441,0
3442,0
3443,0
3444,0
3445,0
3446,0
3447,0
3448,0
3449,0
3450,0
3451,0
3452,0
3453,0
3454,0
3455,0
3456,0
3457,0
3458,0
3459,0
3460,0
3461,0
3462,0
3463,1
3464,0
3465,0
3466,0
3467,0
3468,0
3469,0
3470,0
3471,0
3472,0
3473,0
3474,0
3475,0
3476,0
3477,0
3478,0
3479,0
3480,1
3481,0
3482,0
3483,0
3484,0
3485,1
3486,0
3487,0
3488,0
3489,0
3490,0
3491,0
3492,0
3493,0
3494,0
3495,0
3496,0
3497,0
3498,0
3499,0
3500,0
3501,0
3502,0
3503,0
3504,0
3505,1
3506,0
3507,0
3508,0
3509,0
3510,0
3511,0
3512,0
3513,0
3514,0
3515,1
3516,0
3517,0
3518,0
3519,0
3520,0
3521,0
3522,0
3523,0
3524,0
3525,0
3526,1
3527,1
3528,0
3529,1
3530,0
3531,0
3532,0
3533,1
3534,0
3535,0
3536,0
3537,0
3538,0
3539,0
3540,0
3541,0
3542,0
3543,0
3544,0
3545,0
3546,0
3547,1
3548,0
3549,0
3550,0
3551,0
3552,0
3553,0
3554,1
3555,0
3556,0
3557,0
3558,0
3559,1
3560,0
3561,0
3562,0
3563,0
3564,0
3565,0
3566,0
3567,0
3568,0
3569,0
3570,1
3571,0
3572,0
3573,0
3574,0
3575,0
3576,0
3577,0
3578,0
3579,0
3580,0
3581,0
3582,1
3583,0
3584,0
3585,0
3586,0
3587,0
3588,0
3589,0
3590,0
3591,0
3592,0
3593,0
3594,0
3595,1
3596,0
3597,0
3598,1
3599,1
3600,1
3601,0
3602,0
3603,1
3604,0
3605,0
3606,1
3607,0
3608,0
3609,1
3610,1
3611,0
3612,0
3613,0
3614,0
3615,1
3616,0
3617,1
3618,0
3619,1
3620,0
3621,0
3622,0
3623,0
3624,0
3625,0
3626,1
3627,0
3628,0
3629,0
3630,0
3631,0
3632,0
3633,0
3634,0
3635,0
3636,0
3637,0
3638,1
3639,0
3640,0
3641,0
3642,0
3643,0
3644,0
3645,1
3646,0
3647,0
3648,0
3649,1
3650,0
3651,0
3652,0
3653,0
3654,1
3655,0
3656,0
3657,0
3658,0
3659,1
3660,0
3661,0
3662,0
3663,0
3664,0
3665,1
3666,0
3667,0
3668,0
3669,0
3670,0
3671,0
3672,0
3673,0
3674,0
3675,0
3676,0
3677,0
3678,0
3679,0
3680,0
3681,0
3682,1
3683,0
3684,0
3685,1
3686,0
3687,0
3688,0
3689,0
3690,0
3691,0
3692,0
3693,1
3694,0
3695,0
3696,0
3697,0
3698,0
3699,1
3700,0
3701,1
3702,1
3703,0
3704,1
3705,0
3706,0
3707,0
3708,0
3709,0
3710,0
3711,0
3712,0
3713,0
3714,0
3715,0
3716,0
3717,0
3718,0
3719,1
3720,0
3721,0
3722,0
3723,0
3724,0
3725,1
3726,0
3727,0
3728,0
3729,0
3730,0
3731,0
3732,0
3733,0
3734,0
3735,0
3736,0
3737,0
3738,0
3739,0
3740,0
3741,0
3742,0
3743,0
3744,0
3745,0
3746,0
3747,0
3748,0
3749,0
3750,0
3751,0
3752,0
3753,0
3754,0
3755,0
3756,1
3757,0
3758,0
3759,0
3760,0
3761,0
3762,0
3763,0
3764,0
3765,0
3766,0
3767,0
3768,0
3769,0
3770,0
3771,0
3772,0
3773,0
3774,0
3775,0
3776,1
3777,0
3778,0
3779,1
3780,0
3781,0
3782,1
3783,0
3784,0
3785,0
3786,0
3787,0
3788,0
3789,0
3790,0
3791,0
3792,0
3793,0
3794,0
3795,0
3796,0
3797,0
3798,0
3799,1
3800,1
3801,0
3802,0
3803,0
3804,1
3805,0
3806,0
3807,0
3808,0
3809,0
3810,0
3811,0
3812,0
3813,1
3814,1
3815,0
3816,0
3817,1
3818,0
3819,0
3820,0
3821,0
3822,0
3823,0
3824,0
3825,1
3826,0
3827,0
3828,0
3829,0
3830,0
3831,0
3832,1
3833,1
3834,1
3835,0
3836,0
3837,1
3838,0
3839,0
3840,1
3841,0
3842,0
3843,0
3844,0
3845,1
3846,1
3847,0
3848,0
3849,0
3850,0
3851,0
3852,0
3853,0
3854,0
3855,0
3856,0
3857,0
3858,0
3859,1
3860,0
3861,1
3862,0
3863,0
3864,0
3865,0
3866,0
3867,0
3868,0
3869,0
3870,0
3871,0
3872,0
3873,0
3874,0
3875,0
3876,0
3877,0
3878,1
3879,0
3880,0
3881,0
3882,0
3883,0
3884,0
3885,0
3886,0
3887,0
3888,0
3889,0
3890,0
3891,0
3892,0
3893,0
3894,0
3895,0
3896,0
3897,0
3898,0
3899,1
3900,0
3901,0
3902,0
3903,0
3904,0
3905,0
3906,0
3907,0
3908,1
3909,0
3910,0
3911,0
3912,0
3913,0
3914,0
3915,0
3916,1
3917,0
3918,0
3919,0
3920,0
3921,1
3922,0
3923,0
3924,0
3925,1
3926,0
3927,0
3928,0
3929,0
3930,0
3931,0
3932,1
3933,0
3934,0
3935,1
3936,0
3937,0
3938,0
3939,0
3940,0
3941,0
3942,0
3943,0
3944,0
3945,0
3946,1
3947,0
3948,0
3949,0
3950,0
3951,1
3952,0
3953,1
3954,0
3955,0
3956,0
3957,1
3958,0
3959,0
3960,0
3961,0
3962,0
3963,0
3964,0
3965,0
3966,0
3967,1
3968,0
3969,0
3970,0
3971,0
3972,0
3973,0
3974,0
3975,0
3976,0
3977,0
3978,0
3979,0
3980,0
3981,0
3982,0
3983,0
3984,1
3985,0
3986,1
3987,0
3988,0
3989,0
3990,0
3991,0
3992,0
3993,0
3994,0
3995,0
3996,0
3997,0
3998,0
3999,0
4000,0
4001,0
4002,0
4003,0
4004,0
4005,0
4006,0
4007,0
4008,0
4009,0
4010,0
4011,0
4012,1
4013,0
4014,1
4015,0
4016,0
4017,0
4018,0
4019,0
4020,0
4021,0
4022,0
4023,0
4024,1
4025,0
4026,0
4027,0
4028,1
4029,0
4030,0
4031,0
4032,0
4033,0
4034,0
4035,0
4036,0
4037,0
4038,0
4039,0
4040,0
4041,0
4042,0
4043,1
4044,0
4045,0
4046,0
4047,0
4048,0
4049,0
4050,0
4051,0
4052,0
4053,0
4054,0
4055,1
4056,0
4057,0
4058,0
4059,1
4060,0
4061,0
4062,0
4063,0
4064,0
4065,0
4066,0
4067,0
4068,0
4069,1
4070,0
4071,0
4072,1
4073,0
4074,1
4075,0
4076,0
4077,0
4078,0
4079,0
4080,0
4081,0
4082,0
4083,1
4084,0
4085,0
4086,0
4087,0
4088,0
4089,0
4090,0
4091,1
4092,0
4093,0
4094,0
4095,1
4096,0
4097,0
4098,0
4099,0
4100,0
4101,0
4102,0
4103,0
4104,0
4105,0
4106,1
4107,1
4108,0
4109,0
4110,0
4111,1
4112,0
4113,0
4114,0
4115,0
4116,0
4117,0
4118,0
4119,0
4120,0
4121,0
4122,0
4123,0
4124,0
4125,0
4126,0
4127,0
4128,0
4129,0
4130,1
4131,0
4132,1
4133,0
4134,0
4135,0
4136,0
4137,0
4138,0
4139,0
4140,0
4141,0
4142,1
4143,1
4144,0
4145,0
4146,1
4147,0
4148,0
4149,0
4150,0
4151,1
4152,0
4153,0
4154,0
4155,1
4156,0
4157,0
4158,1
4159,0
4160,0
4161,1
4162,0
4163,0
4164,0
4165,0
4166,0
4167,0
4168,0
4169,0
4170,0
4171,0
4172,0
4173,0
4174,0
4175,0
4176,0
4177,0
4178,0
4179,0
4180,0
4181,0
4182,0
4183,0
4184,0
4185,0
4186,0
4187,0
4188,0
4189,0
4190,0
4191,0
4192,0
4193,0
4194,1
4195,0
4196,0
4197,0
4198,0
4199,0
4200,0
4201,1
4202,0
4203,0
4204,0
4205,0
4206,0
4207,0
4208,0
4209,0
4210,0
4211,0
4212,1
4213,1
4214,0
4215,0
4216,0
4217,0
4218,0
4219,0
4220,0
4221,0
4222,0
4223,0
4224,0
4225,0
4226,0
4227,0
4228,1
4229,0
4230,0
4231,0
4232,0
4233,0
4234,0
4235,0
4236,0
4237,0
4238,0
4239,0
4240,0
4241,0
4242,0
4243,0
4244,1
4245,0
4246,0
4247,0
4248,0
4249,0
4250,0
4251,0
4252,1
4253,1
4254,0
4255,0
4256,0
4257,0
4258,0
4259,0
4260,1
4261,1
4262,0
4263,1
4264,0
4265,0
4266,0
4267,0
4268,0
4269,1
4270,0
4271,0
4272,0
4273,0
4274,0
4275,0
4276,0
4277,0
4278,0
4279,0
4280,0
4281,0
4282,0
4283,0
4284,0
4285,0
4286,1
4287,0
4288,0
4289,1
4290,0
4291,0
4292,0
4293,0
4294,0
4295,0
4296,0
4297,0
4298,0
4299,0
4300,0
4301,0
4302,0
4303,0
4304,0
4305,1
4306,0
4307,1
4308,0
4309,0
4310,0
4311,0
4312,0
4313,0
4314,0
4315,0
4316,0
4317,0
4318,1
4319,0
4320,0
4321,0
4322,0
4323,0
4324,0
4325,0
4326,1
4327,0
4328,0
4329,0
4330,0
4331,0
4332,0
4333,0
4334,0
4335,0
4336,0
4337,0
4338,0
4339,0
4340,0
4341,0
4342,1
4343,0
4344,1
4345,0
4346,0
4347,0
4348,1
4349,0
4350,0
4351,0
4352,0
4353,0
4354,0
4355,0
4356,0
4357,0
4358,0
4359,0
4360,0
4361,0
4362,0
4363,0
4364,0
4365,0
4366,0
4367,0
4368,0
4369,0
4370,0
4371,0
4372,0
4373,0
4374,0
4375,0
4376,0
4377,1
4378,0
4379,0
4380,0
4381,0
4382,0
4383,0
4384,1
4385,1
4386,0
4387,0
4388,0
4389,0
4390,0
4391,1
4392,0
4393,0
4394,0
4395,1
4396,0
4397,0
4398,0
4399,0
4400,1
4401,0
4402,0
4403,0
4404,0
4405,0
4406,0
4407,0
4408,0
4409,0
4410,0
4411,1
4412,0
4413,0
4414,0
4415,1
4416,0
4417,0
4418,0
4419,0
4420,0
4421,0
4422,0
4423,0
4424,1
4425,0
4426,0
4427,0
4428,1
4429,0
4430,0
4431,1
4432,0
4433,0
4434,0
4435,0
4436,0
4437,0
4438,0
4439,1
4440,0
4441,0
4442,0
4443,0
4444,0
4445,0
4446,0
4447,0
4448,0
4449,0
4450,0
4451,0
4452,1
4453,0
4454,0
4455,0
4456,0
4457,1
4458,1
4459,0
4460,0
4461,0
4462,0
4463,0
4464,0
4465,0
4466,0
4467,0
4468,0
4469,1
4470,0
4471,0
4472,0
4473,0
4474,0
4475,0
4476,0
4477,0
4478,0
4479,0
4480,0
4481,0
4482,0
4483,0
4484,0
4485,0
4486,0
4487,0
4488,0
4489,1
4490,0
4491,0
4492,0
4493,0
4494,0
4495,0
4496,0
4497,0
4498,0
4499,0
4500,0
4501,0
4502,0
4503,0
4504,0
4505,0
4506,0
4507,1
4508,0
4509,0
4510,0
4511,0
4512,0
4513,0
4514,0
4515,0
4516,0
4517,0
4518,0
4519,0
4520,0
4521,1
4522,1
4523,1
4524,1
4525,0
4526,0
4527,1
4528,0
4529,0
4530,0
4531,0
4532,0
4533,0
4534,1
4535,1
4536,0
4537,0
4538,1
4539,0
4540,1
4541,0
4542,0
4543,0
4544,0
4545,0
4546,0
4547,0
4548,0
4549,0
4550,0
4551,0
4552,0
4553,0
4554,0
4555,0
4556,0
4557,0
4558,0
4559,0
4560,0
4561,0
4562,0
4563,1
4564,0
4565,0
4566,1
4567,0
4568,0
4569,0
4570,0
4571,0
4572,0
4573,1
4574,0
4575,0
4576,0
4577,0
4578,0
4579,0
4580,0
4581,0
4582,0
4583,1
4584,0
4585,0
4586,0
4587,0
4588,0
4589,0
4590,0
4591,0
4592,0
4593,0
4594,0
4595,0
4596,0
4597,0
4598,0
4599,0
4600,1
4601,0
4602,0
4603,1
4604,0
4605,0
4606,0
4607,0
4608,0
4609,1
4610,0
4611,0
4612,0
4613,0
4614,0
4615,0
4616,0
4617,0
4618,0
4619,0
4620,0
4621,0
4622,0
4623,1
4624,0
4625,0
4626,0
4627,0
4628,0
4629,0
4630,0
4631,0
4632,0
4633,0
4634,0
4635,0
4636,0
4637,0
4638,0
4639,0
4640,1
4641,1
4642,0
4643,0
4644,0
4645,0
4646,0
4647,0
4648,0
4649,0
4650,0
4651,0
4652,0
4653,0
4654,0
4655,0
4656,0
4657,0
4658,0
4659,0
4660,0
4661,0
4662,1
4663,1
4664,0
4665,1
4666,0
4667,0
4668,1
4669,0
4670,0
4671,0
4672,0
4673,0
4674,1
4675,0
4676,0
4677,0
4678,0
4679,0
4680,0
4681,0
4682,0
4683,0
4684,0
4685,0
4686,0
